Total Pink Salmon adult biomass																	Total Chum Salmon adult biomass																	Total Sockeye Salmon adult biomass																				
																																																			Supplementary Table 16. Adult biomass (catch and escapement in thousands of metric tons) of each species across the Pacific Rim 1952-2015.			
Supplementary Table 13. Biomass (catch and escapement in metric tons) of total Pink Salmon returning  to regions of Asia and North America 1952-2015.																	Supplementary Table 14. Biomass (catch and escapement in metric ton) of total  Chum Salmon returning to regions of Asia and North America 1952-2015.																	Supplementary Table 15. Biomass (catch and escapement in metric tons) of total  Sockeye Salmon returning  to regions of Asia and North America 1952-2015.																				
																																																						
Year	Korea	Japan	M&I	WKam	EKam	WAK	SPen	Kod	CI	PWS	SEAK	NBC	SBC	WA	TOTAL		Year	Korea	Japan	M&I	WKam	EKam	WAK	SPen	Kod	CI	PWS	SEAK	NBC	SBC	WA	TOTAL		Year	Korea	Japan	M&I	WKam	EKam	WAK	SPen	Kod	CI	PWS	SEAK	NBC	SBC	WC	TOTAL		Pink	Chum	Sockeye	Total
1952.00	0.00	2256.00	38059.00	157731.00	22374.00	6346.00	4351.00	10623.00	7051.00	5473.00	34938.00	20699.00	10069.00	0.00	319970.00		1952.00	0.00	7791.00	71350.00	13859.00	13438.00	15066.00	6166.00	6040.00	4398.00	2910.00	28379.00	12416.00	15725.00	8614.00	206153.00		1952.00	0.00	0.00	497.00	13321.00	909.00	60874.00	1096.00	4122.00	6002.00	5115.00	3311.00	5577.00	11496.00	799.00	113117.00		320	206	113	639
1953.00	0.00	2561.00	64295.00	336016.00	36620.00	460.00	9648.00	11728.00	2100.00	5143.00	20158.00	9135.00	41042.00	13768.00	552675.00		1953.00	0.00	7725.00	72326.00	13764.00	7425.00	15582.00	7935.00	3180.00	5042.00	2130.00	25040.00	18884.00	16203.00	5081.00	200319.00		1953.00	0.00	0.00	369.00	10194.00	409.00	31468.00	1780.00	2892.00	5941.00	3113.00	4958.00	12428.00	23711.00	1282.00	98545.00		553	200	99	852
1954.00	0.00	2011.00	66959.00	95890.00	18534.00	6375.00	7599.00	17379.00	7425.00	6836.00	32298.00	18866.00	6330.00	0.00	286502.00		1954.00	0.00	12950.00	104638.00	27773.00	12982.00	16794.00	7416.00	6069.00	6755.00	2437.00	28715.00	22232.00	21313.00	7236.00	277310.00		1954.00	0.00	0.00	514.00	11908.00	2650.00	26016.00	1441.00	2927.00	5198.00	4774.00	4395.00	6233.00	53172.00	2517.00	121743.00		287	277	122	686
1955.00	0.00	5559.00	113867.00	188919.00	39247.00	460.00	8950.00	21378.00	4247.00	6837.00	33557.00	8535.00	34625.00	10538.00	476719.00		1955.00	0.00	9533.00	143515.00	39355.00	26871.00	14248.00	5445.00	2889.00	3357.00	2437.00	13647.00	6595.00	8768.00	4447.00	281106.00		1955.00	0.00	0.00	1120.00	20150.00	11106.00	25321.00	2096.00	2281.00	4624.00	3336.00	2692.00	5605.00	17488.00	664.00	96483.00		477	281	96	854
1956.00	0.00	4493.00	152050.00	137014.00	6121.00	6260.00	9757.00	8258.00	5823.00	9661.00	46189.00	17073.00	4142.00	0.00	406841.00		1956.00	0.00	6559.00	165403.00	26525.00	26325.00	16725.00	8711.00	3862.00	7409.00	2744.00	20472.00	12167.00	8415.00	2792.00	308111.00		1956.00	0.00	0.00	884.00	16242.00	9380.00	66965.00	3742.00	2693.00	5477.00	3529.00	3295.00	8749.00	17788.00	653.00	139396.00		407	308	139	854
1957.00	0.00	2853.00	99477.00	272095.00	108625.00	460.00	4328.00	10794.00	1288.00	2392.00	26084.00	10762.00	19740.00	7499.00	566397.00		1957.00	0.00	12960.00	106994.00	9150.00	12244.00	15354.00	7281.00	5904.00	9669.00	3491.00	24353.00	15585.00	13941.00	2914.00	239840.00		1957.00	0.00	0.00	3427.00	29668.00	11085.00	49792.00	2140.00	2537.00	3308.00	3169.00	3858.00	4764.00	14089.00	911.00	128748.00		566	240	129	935
1958.00	0.00	7236.00	152335.00	15251.00	15662.00	6281.00	5925.00	9739.00	7390.00	12592.00	35041.00	17386.00	5315.00	0.00	290153.00		1958.00	0.00	18847.00	126465.00	8607.00	15050.00	15609.00	5568.00	4799.00	5478.00	3420.00	20948.00	18341.00	12687.00	5138.00	260956.00		1958.00	0.00	0.00	1252.00	18335.00	16257.00	19128.00	1701.00	2765.00	2669.00	2066.00	3632.00	8071.00	56586.00	2323.00	134784.00		290	261	135	686
1959.00	0.00	2770.00	100836.00	56879.00	128579.00	460.00	4209.00	5300.00	671.00	6836.00	29121.00	12179.00	10366.00	5681.00	363887.00		1959.00	0.00	9712.00	105599.00	25324.00	22190.00	17123.00	4568.00	3984.00	4097.00	2835.00	12174.00	7263.00	17999.00	5403.00	238270.00		1959.00	0.00	0.00	1106.00	14719.00	15719.00	37085.00	2176.00	2949.00	3191.00	1994.00	3208.00	6844.00	25523.00	997.00	115511.00		364	238	116	718
1960.00	0.00	3749.00	59793.00	20639.00	34548.00	7174.00	5654.00	13317.00	5674.00	8411.00	11775.00	16628.00	1338.00	0.00	188699.00		1960.00	0.00	9201.00	132465.00	11654.00	12179.00	20750.00	5656.00	5545.00	5985.00	1993.00	9062.00	9406.00	12012.00	2642.00	238552.00		1960.00	0.00	0.00	1241.00	16102.00	18024.00	91432.00	3242.00	2963.00	4145.00	2295.00	1960.00	5254.00	20080.00	732.00	167469.00		189	239	167	595
1961.00	0.00	2311.00	53261.00	43115.00	84183.00	534.00	8595.00	11767.00	1764.00	17460.00	37470.00	30248.00	26610.00	3528.00	320847.00		1961.00	0.00	14225.00	100829.00	9043.00	11425.00	16114.00	5234.00	3047.00	4043.00	1582.00	16071.00	10091.00	8786.00	2326.00	202816.00		1961.00	0.00	0.00	1247.00	25912.00	7662.00	68789.00	1983.00	3447.00	5400.00	3396.00	2978.00	11435.00	23246.00	850.00	156346.00		321	203	156	680
1962.00	0.00	3095.00	31978.00	34502.00	22664.00	4540.00	9107.00	23051.00	10126.00	17130.00	32038.00	69425.00	3476.00	0.00	261130.00		1962.00	0.00	16127.00	98915.00	8070.00	13253.00	16978.00	6460.00	4162.00	9117.00	4077.00	14183.00	15327.00	7020.00	2857.00	216548.00		1962.00	0.00	0.00	1328.00	29014.00	8922.00	32760.00	2219.00	4844.00	5085.00	3747.00	2862.00	12625.00	16723.00	519.00	120648.00		261	217	121	598
1963.00	0.00	3537.00	63764.00	59421.00	81739.00	469.00	11313.00	13113.00	1110.00	15795.00	42769.00	29470.00	15853.00	17714.00	356068.00		1963.00	0.00	18184.00	93790.00	5957.00	16226.00	11780.00	5123.00	2158.00	5198.00	4538.00	10357.00	12602.00	9468.00	2869.00	198251.00		1963.00	0.00	0.00	944.00	14920.00	11210.00	21295.00	2431.00	3282.00	4391.00	2506.00	2259.00	15516.00	15287.00	815.00	94857.00		356	198	95	649
1964.00	0.00	3684.00	31768.00	6775.00	34994.00	5066.00	11779.00	22797.00	13655.00	14677.00	45411.00	30138.00	3494.00	0.00	224239.00		1964.00	0.00	21916.00	96660.00	7045.00	12396.00	17478.00	7470.00	6066.00	11810.00	3097.00	13962.00	20318.00	11561.00	3057.00	232837.00		1964.00	0.00	0.00	666.00	4821.00	14273.00	30009.00	2380.00	3668.00	4475.00	3663.00	3362.00	17571.00	10694.00	315.00	95897.00		224	233	96	553
1965.00	0.00	2760.00	114410.00	22114.00	63270.00	170.00	8757.00	7023.00	664.00	8171.00	31406.00	18471.00	32506.00	3229.00	312951.00		1965.00	0.00	24350.00	98922.00	6038.00	7648.00	13490.00	3559.00	2615.00	3521.00	1460.00	12313.00	7771.00	4314.00	2101.00	188103.00		1965.00	0.00	0.00	819.00	10372.00	11364.00	125913.00	3035.00	3102.00	6152.00	4355.00	4022.00	6751.00	10973.00	618.00	187476.00		313	188	187	689
1966.00	0.00	2677.00	67475.00	1283.00	32330.00	8139.00	5117.00	23136.00	9464.00	11713.00	59807.00	39875.00	11995.00	0.00	273011.00		1966.00	0.00	23094.00	106651.00	6079.00	8567.00	14972.00	4752.00	4019.00	5818.00	2565.00	20555.00	19206.00	9414.00	3696.00	229386.00		1966.00	0.00	0.00	898.00	8445.00	16755.00	58435.00	2278.00	4547.00	7947.00	5208.00	4344.00	9361.00	21201.00	950.00	140369.00		273	229	140	643
1967.00	0.00	5394.00	131777.00	25477.00	65745.00	408.00	2411.00	1246.00	2001.00	9933.00	12732.00	8201.00	14143.00	2537.00	282005.00		1967.00	0.00	26878.00	90764.00	2441.00	10339.00	13556.00	2474.00	1333.00	4024.00	2042.00	17672.00	12246.00	7317.00	2790.00	193877.00		1967.00	0.00	0.00	1120.00	11126.00	21646.00	36126.00	2875.00	3091.00	6367.00	3149.00	3718.00	12066.00	20909.00	1266.00	123460.00		282	194	123	599
1968.00	0.00	3666.00	72416.00	2480.00	25194.00	12841.00	7186.00	18088.00	9454.00	8769.00	50052.00	40369.00	9038.00	0.00	259553.00		1968.00	0.00	17390.00	58629.00	2253.00	6105.00	13991.00	3637.00	3239.00	9836.00	1839.00	19271.00	24511.00	22444.00	2911.00	186057.00		1968.00	0.00	0.00	782.00	2545.00	18517.00	26149.00	5145.00	5323.00	5538.00	3876.00	3535.00	23665.00	28417.00	555.00	124047.00		260	186	124	570
1969.00	0.00	4483.00	166997.00	18126.00	54503.00	1086.00	12730.00	26921.00	1222.00	11269.00	22035.00	9579.00	29175.00	1165.00	359290.00		1969.00	0.00	26579.00	40182.00	3052.00	7281.00	13248.00	1948.00	2131.00	3388.00	1804.00	6029.00	7973.00	14488.00	1894.00	129997.00		1969.00	0.00	0.00	679.00	1970.00	17328.00	56206.00	2858.00	4486.00	3844.00	4950.00	2856.00	8091.00	15578.00	988.00	119834.00		359	130	120	609
1970.00	0.00	7160.00	45174.00	768.00	35460.00	3202.00	8643.00	26703.00	3747.00	9461.00	31799.00	31375.00	8665.00	0.00	212157.00		1970.00	0.00	30523.00	73138.00	6507.00	6762.00	19465.00	5526.00	3157.00	7331.00	1146.00	17420.00	17941.00	26008.00	3170.00	218094.00		1970.00	0.00	0.00	684.00	3016.00	16855.00	108853.00	7053.00	5897.00	3985.00	5716.00	2592.00	6669.00	25819.00	893.00	188033.00		212	218	188	618
1971.00	0.00	9662.00	144381.00	19357.00	43022.00	158.00	5996.00	9208.00	1761.00	17475.00	31538.00	11768.00	20911.00	2557.00	317793.00		1971.00	0.00	44394.00	57220.00	2170.00	5260.00	17384.00	7410.00	5613.00	4103.00	2576.00	16324.00	9356.00	8656.00	1507.00	181972.00		1971.00	0.00	0.00	593.00	5191.00	10927.00	53529.00	6770.00	4208.00	3842.00	4148.00	2416.00	10958.00	77311.00	1890.00	181782.00		318	182	182	682
1972.00	0.00	2355.00	83480.00	4043.00	18485.00	836.00	619.00	7321.00	3357.00	3702.00	29541.00	31126.00	2342.00	0.00	187208.00		1972.00	0.00	42635.00	62809.00	1767.00	6699.00	16777.00	3362.00	5132.00	6141.00	2204.00	21856.00	20090.00	44371.00	4231.00	238076.00		1972.00	0.00	0.00	572.00	5003.00	10503.00	22020.00	2927.00	2814.00	4714.00	4911.00	2037.00	8687.00	20051.00	1351.00	85589.00		187	238	86	511
1973.00	0.00	6953.00	110153.00	13350.00	25118.00	525.00	823.00	2159.00	2612.00	9928.00	23723.00	11402.00	16717.00	1940.00	225402.00		1973.00	0.00	49266.00	50901.00	1128.00	6389.00	23090.00	2296.00	2420.00	7922.00	6916.00	19498.00	24692.00	42082.00	3029.00	239631.00		1973.00	0.00	0.00	553.00	3539.00	11399.00	14249.00	6185.00	3121.00	4645.00	3495.00	2842.00	25101.00	25912.00	1754.00	102795.00		225	240	103	568
1974.00	0.00	3163.00	89657.00	4222.00	24870.00	7323.00	1683.00	9590.00	2558.00	6187.00	22338.00	18734.00	7487.00	0.00	197812.00		1974.00	0.00	63449.00	55690.00	2999.00	6156.00	25350.00	2835.00	1405.00	4545.00	1796.00	18230.00	18222.00	13801.00	4032.00	218508.00		1974.00	0.00	0.00	1551.00	8681.00	2973.00	33403.00	4578.00	3877.00	3193.00	4114.00	2949.00	15971.00	36184.00	720.00	118195.00		198	219	118	535
1975.00	0.00	6367.00	119616.00	47844.00	57267.00	380.00	2112.00	7960.00	5485.00	15449.00	22584.00	14666.00	27957.00	1209.00	328897.00		1975.00	0.00	89179.00	41887.00	507.00	5297.00	30488.00	1672.00	880.00	8330.00	646.00	10319.00	5572.00	11187.00	1287.00	207251.00		1975.00	0.00	0.00	510.00	3708.00	10079.00	65900.00	3107.00	2532.00	3947.00	3237.00	2375.00	9193.00	10578.00	646.00	115813.00		329	207	116	652
1976.00	0.00	4044.00	94392.00	17816.00	27414.00	6384.00	9558.00	27082.00	6404.00	10585.00	56426.00	23972.00	11090.00	0.00	295167.00		1976.00	0.00	58400.00	64705.00	821.00	7020.00	24504.00	3801.00	3833.00	4228.00	2054.00	29470.00	9663.00	23315.00	5147.00	236962.00		1976.00	0.00	0.00	492.00	4349.00	9013.00	39678.00	6965.00	4979.00	8219.00	5377.00	4898.00	9172.00	12888.00	756.00	106788.00		295	237	107	639
1977.00	0.00	3874.00	99118.00	82099.00	65386.00	575.00	11625.00	16748.00	6909.00	15724.00	55166.00	15601.00	21870.00	2352.00	397046.00		1977.00	0.00	51852.00	47795.00	1297.00	12188.00	31714.00	7065.00	7452.00	15517.00	3635.00	6763.00	9998.00	21118.00	3563.00	219959.00		1977.00	0.00	0.00	480.00	1138.00	6816.00	36196.00	11013.00	5881.00	11436.00	5823.00	6415.00	12179.00	25544.00	2355.00	125277.00		397	220	125	742
1978.00	0.00	2069.00	97974.00	20598.00	14584.00	28672.00	18082.00	33863.00	7598.00	10233.00	58093.00	25430.00	4230.00	0.00	321426.00		1978.00	0.00	60419.00	47389.00	3163.00	9890.00	30538.00	6489.00	4882.00	4644.00	3137.00	7631.00	14097.00	30096.00	7754.00	230128.00		1978.00	0.00	0.00	514.00	2618.00	9340.00	64993.00	8549.00	6462.00	10909.00	3469.00	4444.00	10597.00	33397.00	1215.00	156506.00		321	230	157	708
1979.00	0.00	1673.00	84138.00	102278.00	67503.00	1644.00	20875.00	24481.00	9506.00	36654.00	59198.00	15790.00	23469.00	3129.00	450339.00		1979.00	0.00	84975.00	43344.00	2182.00	13389.00	25616.00	5267.00	3378.00	9788.00	1778.00	12375.00	8446.00	11198.00	1587.00	223323.00		1979.00	0.00	0.00	644.00	2109.00	8082.00	122986.00	5673.00	5336.00	4972.00	2545.00	5577.00	10669.00	25567.00	945.00	195104.00		450	223	195	869
1980.00	0.00	1993.00	113456.00	32582.00	5807.00	15313.00	17148.00	36804.00	7580.00	28110.00	56657.00	22107.00	5532.00	0.00	343088.00		1980.00	0.00	81037.00	43983.00	1296.00	8483.00	37473.00	6547.00	6401.00	4590.00	2033.00	18044.00	12972.00	23511.00	5303.00	251674.00		1980.00	0.00	0.00	524.00	3764.00	8342.00	178308.00	4236.00	6275.00	6862.00	1594.00	4349.00	7454.00	12616.00	1704.00	236026.00		343	252	236	831
1981.00	0.00	3317.00	73532.00	64876.00	78825.00	2046.00	16959.00	25281.00	11458.00	45586.00	75685.00	26746.00	38543.00	1144.00	463998.00		1981.00	0.00	105736.00	38251.00	2412.00	10994.00	43072.00	9822.00	7659.00	13218.00	7409.00	8311.00	10561.00	23094.00	4079.00	284616.00		1981.00	0.00	0.00	491.00	4707.00	7691.00	115722.00	8957.00	6844.00	7809.00	4226.00	4162.00	15429.00	30586.00	755.00	207379.00		464	285	207	956
1982.00	0.00	1800.00	65442.00	56774.00	21459.00	9864.00	13984.00	22104.00	3677.00	42269.00	62767.00	10712.00	1636.00	0.00	312488.00		1982.00	0.00	101847.00	44992.00	2109.00	8041.00	27634.00	9418.00	8788.00	12133.00	7710.00	11260.00	13238.00	28547.00	7824.00	283541.00		1982.00	0.00	2.00	662.00	3439.00	6193.00	80713.00	8331.00	7994.00	13618.00	10449.00	5953.00	22117.00	52166.00	1410.00	213046.00		312	284	213	809
1983.00	0.00	2269.00	93063.00	207239.00	46157.00	855.00	6457.00	10732.00	3715.00	31176.00	87349.00	35848.00	38114.00	2000.00	564974.00		1983.00	0.00	118577.00	47778.00	798.00	19187.00	27515.00	7208.00	7112.00	9100.00	6690.00	8189.00	8475.00	17417.00	3518.00	281562.00		1983.00	0.00	4.00	719.00	3659.00	8229.00	133592.00	9409.00	6204.00	17798.00	4463.00	5015.00	10976.00	24588.00	1124.00	225779.00		565	282	226	"1,072"
1984.00	0.00	2742.00	48267.00	108964.00	32881.00	12711.00	28132.00	26748.00	4034.00	56702.00	84483.00	25124.00	1301.00	0.00	432090.00		1984.00	0.00	134303.00	40219.00	2874.00	11262.00	36647.00	10792.00	4757.00	6858.00	5798.00	32574.00	11941.00	17479.00	5899.00	321403.00		1984.00	0.00	6.00	526.00	5316.00	7585.00	118936.00	12606.00	8999.00	9360.00	5844.00	4581.00	9470.00	21860.00	1958.00	207046.00		432	321	207	961
1985.00	0.00	10908.00	102318.00	12488.00	27912.00	332.00	11213.00	17650.00	3025.00	52972.00	140620.00	38930.00	39594.00	4181.00	462143.00		1985.00	0.00	168795.00	36091.00	9293.00	14475.00	30194.00	6490.00	3563.00	7204.00	10825.00	23809.00	17055.00	36684.00	7270.00	371748.00		1985.00	0.00	8.00	387.00	10760.00	6339.00	106864.00	4892.00	11298.00	14346.00	5942.00	5983.00	22318.00	39563.00	1566.00	230264.00		462	372	230	"1,064"
1986.00	0.00	5219.00	65875.00	64112.00	5740.00	2410.00	11182.00	23772.00	6510.00	20949.00	127794.00	54075.00	4153.00	0.00	391791.00		1986.00	0.00	163914.00	42177.00	6215.00	17021.00	28851.00	8925.00	6243.00	9536.00	7439.00	22238.00	23582.00	38769.00	7930.00	382840.00		1986.00	0.00	9.00	520.00	9098.00	5744.00	79007.00	7475.00	13717.00	15933.00	5592.00	4795.00	12904.00	49027.00	1131.00	204952.00		392	383	205	980
1987.00	0.00	9628.00	109654.00	2407.00	69078.00	302.00	5797.00	12713.00	1765.00	54166.00	54046.00	29936.00	49604.00	3347.00	402442.00		1987.00	0.00	145255.00	39217.00	5615.00	13790.00	29554.00	7428.00	3709.00	4468.00	9222.00	25339.00	14819.00	21021.00	8509.00	327945.00		1987.00	0.00	11.00	491.00	12800.00	6000.00	92192.00	9187.00	7532.00	32698.00	7327.00	5626.00	14361.00	25213.00	1480.00	214918.00		402	328	215	945
1988.00	0.00	7686.00	53050.00	52951.00	11947.00	10940.00	24689.00	30700.00	3647.00	23574.00	36451.00	48567.00	4848.00	0.00	309049.00		1988.00	0.00	171347.00	44271.00	5181.00	8829.00	43397.00	10479.00	7232.00	8752.00	11170.00	27521.00	27259.00	30403.00	10848.00	406688.00		1988.00	0.00	15.00	494.00	11694.00	5759.00	73950.00	4546.00	14925.00	23191.00	2272.00	3917.00	15796.00	13224.00	2318.00	172103.00		309	407	172	888
1989.00	0.00	9826.00	134475.00	2372.00	84955.00	314.00	17876.00	35975.00	2959.00	43044.00	139300.00	28050.00	18418.00	3922.00	521486.00		1989.00	0.00	181872.00	43271.00	3681.00	10006.00	30240.00	4148.00	3990.00	3363.00	5862.00	12452.00	12531.00	30637.00	5356.00	347408.00		1989.00	0.00	13.00	448.00	11076.00	4217.00	133810.00	5954.00	8711.00	18236.00	4008.00	6005.00	9677.00	47097.00	683.00	249934.00		521	347	250	"1,119"
1990.00	0.00	7070.00	101662.00	41667.00	35313.00	8178.00	8748.00	17259.00	2747.00	65324.00	81382.00	47298.00	8023.00	0.00	424671.00		1990.00	0.00	226551.00	36659.00	4442.00	15747.00	22534.00	6452.00	3663.00	2811.00	4937.00	14404.00	21214.00	39218.00	6888.00	405518.00		1990.00	0.00	16.00	400.00	20661.00	1932.00	139283.00	8461.00	19224.00	12554.00	2134.00	6013.00	10602.00	59067.00	660.00	281008.00		425	406	281	"1,111"
1991.00	0.00	16212.00	195045.00	4097.00	120928.00	255.00	17842.00	24866.00	1643.00	47267.00	109482.00	45823.00	30643.00	2056.00	616160.00		1991.00	0.00	194972.00	38757.00	3601.00	5537.00	25374.00	7919.00	6072.00	2726.00	1253.00	16119.00	10230.00	36492.00	5831.00	354884.00		1991.00	0.00	15.00	723.00	17529.00	1789.00	123613.00	9181.00	21936.00	8902.00	6279.00	6558.00	14837.00	34787.00	637.00	246786.00		616	355	247	"1,218"
1992.00	0.00	21019.00	147325.00	29712.00	13111.00	5583.00	26155.00	11320.00	3731.00	16063.00	93048.00	30648.00	6428.00	0.00	404143.00		1992.00	278.00	151165.00	31055.00	2963.00	6586.00	22399.00	6988.00	3659.00	3024.00	1907.00	28208.00	7215.00	49545.00	9376.00	324368.00		1992.00	0.00	17.00	756.00	15664.00	5423.00	137753.00	6375.00	16832.00	27908.00	7583.00	6874.00	20303.00	22105.00	923.00	268516.00		404	324	269	997
1993.00	0.00	20098.00	159989.00	871.00	88917.00	1396.00	21444.00	50943.00	2980.00	10827.00	117469.00	12913.00	43762.00	1981.00	533588.00		1993.00	256.00	199769.00	75134.00	3588.00	7195.00	14309.00	4598.00	2327.00	1173.00	4419.00	33502.00	8935.00	42460.00	5868.00	403534.00		1993.00	0.00	19.00	1111.00	18764.00	9523.00	154011.00	8000.00	14580.00	16748.00	7513.00	9845.00	17697.00	64426.00	854.00	323092.00		534	404	323	"1,260"
1994.00	0.00	31710.00	153671.00	146817.00	25026.00	13593.00	17940.00	18051.00	4970.00	52351.00	125901.00	9219.00	3636.00	0.00	602885.00		1994.00	298.00	210035.00	63252.00	5601.00	11486.00	28387.00	10855.00	3748.00	3201.00	4903.00	48040.00	12379.00	56736.00	11785.00	470705.00		1994.00	0.00	21.00	921.00	17282.00	8393.00	142838.00	7745.00	14676.00	13047.00	6169.00	6495.00	9702.00	47054.00	567.00	274911.00		603	471	275	"1,349"
1995.00	0.00	20356.00	154903.00	901.00	104265.00	234.00	48381.00	86086.00	6489.00	32990.00	121248.00	23429.00	39685.00	3631.00	642598.00		1995.00	302.00	249063.00	63085.00	3829.00	7443.00	36225.00	10274.00	6292.00	4709.00	3598.00	56190.00	16277.00	34069.00	5702.00	497056.00		1995.00	0.00	23.00	1519.00	14626.00	14038.00	171336.00	7306.00	17418.00	10796.00	5839.00	5067.00	15090.00	10760.00	257.00	274073.00		643	497	274	"1,414"
1996.00	0.00	34236.00	143215.00	117453.00	20721.00	6146.00	14857.00	11784.00	2435.00	45556.00	170974.00	33399.00	4313.00	0.00	605088.00		1996.00	321.00	285801.00	74444.00	5477.00	7908.00	37162.00	7387.00	3365.00	2269.00	9122.00	87651.00	13048.00	27856.00	7989.00	569799.00		1996.00	0.00	23.00	1619.00	15404.00	13615.00	120062.00	8964.00	19466.00	15117.00	11427.00	10825.00	21067.00	14001.00	1581.00	253172.00		605	570	253	"1,428"
1997.00	0.00	13249.00	196122.00	1390.00	131890.00	394.00	20451.00	24600.00	6753.00	52047.00	115529.00	12009.00	27908.00	742.00	603084.00		1997.00	335.00	255262.00	44836.00	4747.00	6627.00	17769.00	9355.00	2838.00	3710.00	9765.00	65754.00	9359.00	25531.00	3574.00	459462.00		1997.00	0.00	23.00	776.00	10773.00	12134.00	61494.00	4500.00	13628.00	16252.00	14506.00	7714.00	12025.00	37834.00	506.00	192165.00		603	459	192	"1,255"
1998.00	0.00	24003.00	112082.00	183133.00	15466.00	6266.00	27142.00	50117.00	5485.00	55453.00	130352.00	12847.00	4532.00	0.00	626879.00		1998.00	494.00	195155.00	48356.00	6611.00	7211.00	18882.00	8072.00	1999.00	2326.00	6809.00	88568.00	21590.00	59773.00	9200.00	475045.00		1998.00	0.00	19.00	428.00	9666.00	7597.00	55070.00	5016.00	14609.00	6489.00	6686.00	4748.00	4983.00	32816.00	395.00	148522.00		627	475	149	"1,250"
1999.00	0.00	13349.00	139594.00	113.00	127149.00	167.00	23568.00	22377.00	2518.00	75647.00	206020.00	14449.00	15664.00	1644.00	642258.00		1999.00	542.00	169484.00	44008.00	4159.00	10764.00	20720.00	8326.00	5009.00	2250.00	13623.00	88587.00	13855.00	24906.00	3412.00	409645.00		1999.00	0.00	19.00	720.00	9521.00	10596.00	118333.00	10863.00	18106.00	9951.00	8744.00	5067.00	4766.00	10219.00	236.00	207140.00		642	410	207	"1,259"
2000.00	0.00	28045.00	170129.00	132082.00	2329.00	3395.00	13220.00	23279.00	3691.00	68547.00	78738.00	21355.00	11296.00	0.00	556105.00		2000.00	473.00	152033.00	42357.00	9133.00	21021.00	14301.00	7860.00	7062.00	2453.00	21770.00	98444.00	11391.00	15627.00	3012.00	406937.00		2000.00	0.00	21.00	1056.00	14688.00	7889.00	96206.00	8541.00	14079.00	9869.00	6890.00	4606.00	13575.00	19303.00	1546.00	198268.00		556	407	198	"1,161"
2001.00	0.00	8180.00	170688.00	2071.00	56104.00	215.00	19167.00	36339.00	2113.00	65082.00	172333.00	31952.00	11210.00	6715.00	582168.00		2001.00	278.00	211411.00	68972.00	10752.00	17721.00	23639.00	10155.00	5108.00	2092.00	14201.00	49415.00	14705.00	28624.00	11194.00	468269.00		2001.00	0.00	24.00	1370.00	14673.00	9138.00	73842.00	9647.00	13505.00	11891.00	9728.00	6600.00	13439.00	22585.00	1147.00	187590.00		582	468	188	"1,238"
2002.00	0.00	26164.00	144168.00	134321.00	6611.00	4380.00	12241.00	44102.00	5651.00	36256.00	149022.00	23753.00	2533.00	131.00	589335.00		2002.00	48.00	208725.00	54080.00	12653.00	13821.00	21666.00	6331.00	3944.00	3227.00	26468.00	44940.00	16911.00	31166.00	15848.00	459827.00		2002.00	0.00	0.00	722.00	33127.00	5206.00	54505.00	6596.00	10203.00	15079.00	9111.00	4763.00	8903.00	49304.00	1466.00	198986.00		589	460	199	"1,248"
2003.00	0.00	24855.00	191014.00	1130.00	87696.00	1009.00	23030.00	32390.00	2707.00	101897.00	153930.00	29037.00	37274.00	6058.00	692026.00		2003.00	134.00	276916.00	51768.00	7572.00	8743.00	24824.00	4663.00	4399.00	1656.00	18678.00	45634.00	21612.00	17978.00	9036.00	493612.00		2003.00	0.00	0.00	510.00	17697.00	7961.00	77376.00	5920.00	20659.00	20920.00	10481.00	5791.00	9960.00	18251.00	928.00	196454.00		692	494	196	"1,382"
2004.00	0.00	11963.00	87341.00	148709.00	33749.00	11664.00	27858.00	52266.00	13325.00	49978.00	140581.00	15084.00	3702.00	117.00	596337.00		2004.00	203.00	265900.00	58062.00	7561.00	6911.00	22256.00	6528.00	6581.00	3423.00	8397.00	57038.00	19171.00	34165.00	12765.00	508961.00		2004.00	0.00	0.00	278.00	20495.00	6573.00	123506.00	4550.00	15995.00	21390.00	7362.00	6721.00	7105.00	19193.00	1432.00	234600.00		596	509	235	"1,340"
2005.00	0.00	16095.00	208100.00	33544.00	122675.00	4029.00	26537.00	53874.00	10698.00	119390.00	173513.00	32300.00	47166.00	3864.00	851783.00		2005.00	87.00	244775.00	42796.00	11120.00	16775.00	38095.00	7932.00	2917.00	1992.00	8880.00	51572.00	12337.00	31087.00	5877.00	476244.00		2005.00	0.00	0.00	1940.00	26417.00	7885.00	121879.00	5787.00	12978.00	23402.00	8060.00	5104.00	5298.00	18911.00	519.00	238180.00		852	476	238	"1,566"
2006.00	0.00	8759.00	174491.00	92642.00	38555.00	6149.00	13471.00	62982.00	5056.00	43969.00	68244.00	5568.00	2230.00	0.00	522116.00		2006.00	64.00	230855.00	75453.00	18731.00	15941.00	31282.00	9687.00	6966.00	2007.00	9201.00	62898.00	13135.00	27877.00	12810.00	516907.00		2006.00	0.00	88.00	2186.00	25310.00	9231.00	113620.00	5850.00	6649.00	13861.00	7237.00	5377.00	9390.00	32199.00	1410.00	232409.00		522	517	232	"1,271"
2007.00	0.00	23424.00	266723.00	21451.00	136159.00	251.00	21645.00	42725.00	3086.00	105354.00	145220.00	21023.00	22165.00	5484.00	814710.00		2007.00	60.00	198084.00	75622.00	14761.00	15641.00	29413.00	8619.00	3300.00	1843.00	12408.00	43614.00	8509.00	19485.00	9594.00	440953.00		2007.00	0.00	0.00	1184.00	38794.00	10866.00	118717.00	5319.00	8746.00	16503.00	8510.00	6161.00	6960.00	4644.00	335.00	226739.00		815	441	227	"1,482"
2008.00	0.00	10981.00	167370.00	116819.00	17088.00	5916.00	30762.00	19505.00	1903.00	69864.00	66558.00	5371.00	1824.00	64.00	514025.00		2008.00	132.00	159617.00	87831.00	13098.00	16998.00	26519.00	7932.00	4024.00	1953.00	17405.00	41169.00	4484.00	16433.00	5858.00	403455.00		2008.00	0.00	55.00	1069.00	28087.00	10565.00	111719.00	3989.00	7224.00	13031.00	3327.00	2851.00	6901.00	5515.00	784.00	195116.00		514	403	195	"1,113"
2009.00	0.00	18128.00	340679.00	6835.00	261115.00	227.00	19012.00	45788.00	3752.00	33425.00	101132.00	34562.00	14519.00	16868.00	896042.00		2009.00	242.00	202710.00	140790.00	10830.00	15420.00	24020.00	10050.00	4292.00	2011.00	11522.00	36682.00	7060.00	18720.00	4068.00	488416.00		2009.00	0.00	0.00	967.00	22663.00	14850.00	118368.00	6070.00	7681.00	12950.00	4974.00	3779.00	4863.00	5113.00	383.00	202663.00		896	488	203	"1,587"
2010.00	0.00	13035.00	168862.00	166784.00	19648.00	7558.00	4335.00	21552.00	1044.00	125653.00	101771.00	11134.00	3498.00	93.00	644968.00		2010.00	225.00	158380.00	144535.00	17958.00	14645.00	29865.00	5138.00	3373.00	2478.00	14986.00	44270.00	4228.00	12448.00	5759.00	458288.00		2010.00	0.00	0.00	1185.00	22946.00	14231.00	109115.00	6438.00	6759.00	14671.00	7987.00	3206.00	4780.00	81835.00	1569.00	274722.00		645	458	275	"1,378"
2011.00	0.00	9015.00	244118.00	7024.00	261342.00	223.00	13780.00	26790.00	1071.00	60469.00	173729.00	8143.00	45389.00	10838.00	861931.00		2011.00	131.00	132679.00	102784.00	18852.00	12127.00	34121.00	7970.00	4352.00	2199.00	8352.00	44351.00	9329.00	32970.00	5942.00	416157.00		2011.00	0.00	0.00	1576.00	26174.00	12498.00	91533.00	11031.00	9154.00	25566.00	12244.00	4599.00	9268.00	16329.00	837.00	220809.00		862	416	221	"1,499"
2012.00	0.00	3629.00	183203.00	203523.00	29133.00	6167.00	2920.00	39599.00	2566.00	53764.00	79821.00	10548.00	4969.00	55.00	619897.00		2012.00	102.00	124028.00	119702.00	23026.00	16662.00	37333.00	4525.00	4141.00	2779.00	15680.00	58422.00	9631.00	19206.00	7121.00	442358.00		2012.00	0.00	0.00	1153.00	34015.00	15735.00	85307.00	8026.00	9540.00	18536.00	13076.00	4287.00	8681.00	6331.00	1776.00	206462.00		620	442	206	"1,269"
2013.00	0.00	6815.00	243928.00	2559.00	45484.00	217.00	15813.00	41910.00	5415.00	134118.00	231621.00	30220.00	34215.00	16285.00	808599.00		2013.00	98.00	155699.00	128298.00	19832.00	23371.00	36951.00	8363.00	4210.00	2273.00	14768.00	53145.00	9238.00	15715.00	9059.00	481021.00		2013.00	0.00	0.00	1309.00	36368.00	18953.00	74062.00	10530.00	10661.00	16776.00	9220.00	4185.00	4055.00	10995.00	1151.00	198265.00		809	481	198	"1,488"
2014.00	0.00	2627.00	191507.00	11090.00	67589.00	6638.00	4350.00	20953.00	2803.00	70061.00	116247.00	21478.00	12297.00	97.00	527737.00		2014.00	101.00	139642.00	180228.00	27163.00	34126.00	33810.00	4309.00	2116.00	2071.00	6326.00	31700.00	5773.00	21319.00	7634.00	496318.00		2014.00	0.00	0.00	1062.00	29827.00	14180.00	112092.00	4199.00	12528.00	15772.00	11053.00	5520.00	10017.00	52555.00	1946.00	270751.00		528	496	271	"1,295"
2015.00	0.00	4185.00	111328.00	5628.00	218363.00	242.00	42871.00	59189.00	19761.00	173610.00	108136.00	24111.00	24877.00	8230.00	800530.00		2015.00	302.00	133374.00	192138.00	30185.00	22844.00	28000.00	8177.00	3692.00	3564.00	7475.00	57459.00	9780.00	19189.00	6605.00	522784.00		2015.00	0.00	0.00	1483.00	37112.00	14740.00	152184.00	10832.00	11131.00	15379.00	10385.00	4655.00	3585.00	5492.00	1082.00	268061.00		801	523	268	"1,591"
